<?xml version="1.0" encoding="UTF-8"?>
<project-private xmlns="http://www.netbeans.org/ns/project-private/1">
    <editor-bookmarks xmlns="http://www.netbeans.org/ns/editor-bookmarks/2" lastBookmarkId="0"/>
    <open-files xmlns="http://www.netbeans.org/ns/projectui-open-files/2">
        <group>
            <file>file:/C:/Users/Sai%20Kham/Desktop/cs209/Lab03B/src/lab03b/BasicMethodsLab.java</file>
            <file>file:/C:/Users/Sai%20Kham/Desktop/cs209/Lab03B/runLab03B.bat</file>
        </group>
    </open-files>
</project-private>
